name,dismissal,R,B,M,4s,6s,SR,out or not_out
Jason Roy,c du Plessis b Phehlukwayo,54,53,80,8,0,101.88,out
Jonny Bairstow,c de Kock b Imran Tahir,0,1,2,0,0,0.00,out
Joe Root,c Duminy b Rabada,51,59,83,5,0,86.44,out
Eoin Morgan(c),c Markram b Imran Tahir,57,60,73,4,3,95.00,out
Ben Stokes,c Amla b Ngidi,89,79,132,9,0,112.65,out
Jos Buttler,b Ngidi,18,16,21,0,0,112.50,out
Moeen Ali,c du Plessis b Ngidi,3,9,13,0,0,33.33,out
Chris Woakes,c du Plessis b Rabada,13,14,24,1,0,92.85,out
Liam Plunkett,not out,9,6,11,1,0,150.00,not_out
Jofra Archer,not out,7,3,3,1,0,233.33,not_out
Quinton de Kock,c Root b Plunkett,68,74,94,6,2,91.89,out
Hashim Amla,c Buttler b Plunkett,13,23,46,1,0,56.52,out
Aiden Markram,c Root b Archer,11,12,17,2,0,91.66,out
Faf du Plessis(c),c Ali b Archer,5,7,11,1,0,71.42,out
Rassie van der Dussen,c Ali b Archer,50,61,85,4,1,81.96,out
Jean-Paul Duminy,c Stokes b Ali,8,11,12,1,0,72.72,out
Dwaine Pretorius,run out (Stokes/Morgan),1,1,6,0,0,100.00,out
Andile Phehlukwayo,c Stokes b Rashid,24,25,34,4,0,96.00,out
Kagiso Rabada,c Plunkett b Stokes,11,19,23,2,0,57.89,out
Lungi Ngidi,not out,6,5,10,0,1,120.00,not_out
Imran Tahir,c Root b Stokes,0,1,2,0,0,0.00,out
Imam-ul-Haq,c Hope b Cottrell,2,11,15,0,0,18.18,out
Fakhar Zaman,b Russell,22,16,27,2,1,137.50,out
Babar Azam,c Hope b Thomas,22,33,47,2,0,66.66,out
Haris Sohail,c Hope b Russell,8,11,17,1,0,72.72,out
Sarfaraz Ahmed(c),c Hope b Holder,8,12,34,1,0,66.66,out
Mohammad Hafeez,c Cottrell b Thomas,16,24,36,2,0,66.66,out
Imad Wasim,c Gayle b Holder,1,3,6,0,0,33.33,out
Shadab Khan,lbw b Thomas,0,1,3,0,0,0.00,out
Hasan Ali,c Cottrell b Holder,1,4,6,0,0,25.00,out
Wahab Riaz,b Thomas,18,11,19,1,2,163.63,out
Mohammad Amir,not out,3,6,13,0,0,50.00,not_out
Chris Gayle,c Shadab Khan b Mohammad Amir,50,34,51,6,3,147.05,out
Shai Hope,c Mohammad Hafeez b Mohammad Amir,11,17,21,1,0,64.70,out
Darren Bravo,c Babar Azam b Mohammad Amir,0,4,10,0,0,0.00,out
Nicholas Pooran,not out,34,19,35,4,2,178.94,not_out
Shimron Hetmyer,not out,7,8,13,0,0,87.50,not_out
Lahiru Thirimanne,lbw b Henry,4,2,4,1,0,200.00,out
Dimuth Karunaratne(c),not out,52,84,146,4,0,61.90,not_out
Kusal Perera,c de Grandhomme b Henry,29,24,34,4,0,120.83,out
Kusal Mendis,c Guptill b Henry,0,1,3,0,0,0.00,out
Dhananjaya de Silva,lbw b Ferguson,4,13,15,1,0,30.76,out
Angelo Mathews,c Latham b de Grandhomme,0,9,14,0,0,0.00,out
Jeevan Mendis,c Neesham b Ferguson,1,4,5,0,0,25.00,out
Thisara Perera,c Boult b Santner,27,23,35,0,2,117.39,out
Isuru Udana,c Henry b Neesham,0,3,5,0,0,0.00,out
Suranga Lakmal,c Santner b Boult,7,13,19,1,0,53.84,out
Lasith Malinga,b Ferguson,1,2,9,0,0,50.00,out
Martin Guptill,not out,73,51,82,8,2,143.13,not_out
Colin Munro,not out,58,47,82,6,1,123.40,not_out
Mohammad Shahzad,b Starc,0,3,4,0,0,0.00,out
Hazratullah Zazai,c Carey b Cummins,0,2,10,0,0,0.00,out
Rahmat Shah,c Smith b Zampa,43,60,86,6,0,71.66,out
Hashmatullah Shahidi,st Carey b Zampa,18,34,56,3,0,52.94,out
Mohammad Nabi,run out (Smith/Carey),7,22,28,0,0,31.81,out
Gulbadin Naib(c),c Carey b Stoinis,31,33,67,4,1,93.93,out
Najibullah Zadran,c Carey b Stoinis,51,49,66,7,2,104.08,out
Rashid Khan,lbw b Zampa,27,11,23,2,3,245.45,out
Dawlat Zadran,c Carey b Cummins,4,6,5,1,0,66.66,out
Mujeeb Ur Rahman,b Cummins,13,9,18,1,1,144.44,out
Hamid Hassan,not out,1,2,3,0,0,50.00,not_out
Aaron Finch(c),c Mujeeb Ur Rahman b Gulbadin Naib,66,49,63,6,4,134.69,out
David Warner,not out,89,114,131,8,0,78.07,not_out
Usman Khawaja,lbw b Rashid Khan,15,20,32,1,0,75.00,out
Steven Smith,c Hazratullah Zazai b Mujeeb Ur Rahman,18,27,36,1,0,66.66,out
Glenn Maxwell,not out,4,1,2,1,0,400.00,not_out
Tamim Iqbal,c de Kock b Phehlukwayo,16,29,40,2,0,55.17,out
Soumya Sarkar,c de Kock b Morris,42,30,58,9,0,140.00,out
Shakib Al Hasan,b Imran Tahir,75,84,117,8,1,89.28,out
Mushfiqur Rahim,c van der Dussen b Phehlukwayo,78,80,131,8,0,97.50,out
Mohammad Mithun,b Imran Tahir,21,21,21,2,1,100.00,out
Mahmudullah,not out,46,33,48,3,1,139.39,not_out
Mosaddek Hossain,c Phehlukwayo b Morris,26,20,32,4,0,130.00,out
Mehidy Hasan Miraz,not out,5,3,4,1,0,166.66,not_out
Quinton de Kock,run out (Mushfiqur Rahim),23,32,41,4,0,71.87,out
Aiden Markram,b Shakib Al Hasan,45,56,78,4,0,80.35,out
Faf du Plessis(c),b Mehidy Hasan Miraz,62,53,64,5,1,116.98,out
David Miller,c Mehidy Hasan Miraz b Mustafizur Rahman,38,43,62,2,0,88.37,out
Rassie van der Dussen,b Mohammad Saifuddin,41,38,61,2,1,107.89,out
Jean-Paul Duminy,b Mustafizur Rahman,45,37,62,4,0,121.62,out
Andile Phehlukwayo,c Shakib Al Hasan b Mohammad Saifuddin,8,13,18,1,0,61.53,out
Chris Morris,c Soumya Sarkar b Mustafizur Rahman,10,10,16,1,0,100.00,out
Kagiso Rabada,not out,13,9,21,0,1,144.44,not_out
Imran Tahir,not out,10,10,13,0,0,100.00,not_out
Imam-ul-Haq,c Woakes b Ali,44,58,92,3,1,75.86,out
Fakhar Zaman,st Buttler b Ali,36,40,63,6,0,90.00,out
Babar Azam,c Woakes b Ali,63,66,83,4,1,95.45,out
Mohammad Hafeez,c Woakes b Wood,84,62,99,8,2,135.48,out
Sarfaraz Ahmed(c),c & b Woakes,55,44,68,5,0,125.00,out
Asif Ali,c Bairstow b Wood,14,11,17,0,1,127.27,out
Shoaib Malik,c Morgan b Woakes,8,8,18,0,0,100.00,out
Wahab Riaz,c Root b Woakes,4,2,4,1,0,200.00,out
Hasan Ali,not out,10,5,10,0,1,200.00,not_out
Shadab Khan,not out,10,4,3,2,0,250.00,not_out
Jason Roy,lbw b Shadab Khan,8,7,11,2,0,114.28,out
Jonny Bairstow,c Sarfaraz Ahmed b Wahab Riaz,32,31,46,4,1,103.22,out
Joe Root,c Mohammad Hafeez b Shadab Khan,107,104,168,10,1,102.88,out
Eoin Morgan(c),b Mohammad Hafeez,9,18,31,1,0,50.00,out
Ben Stokes,c Sarfaraz Ahmed b Shoaib Malik,13,18,27,1,0,72.22,out
Jos Buttler,c Wahab Riaz b Mohammad Amir,103,76,103,9,2,135.52,out
Moeen Ali,c Fakhar Zaman b Wahab Riaz,19,20,48,1,0,95.00,out
Chris Woakes,c Sarfaraz Ahmed b Wahab Riaz,21,14,23,1,1,150.00,out
Jofra Archer,c Wahab Riaz b Mohammad Amir,1,2,6,0,0,50.00,out
Adil Rashid,not out,3,4,9,0,0,75.00,not_out
Mark Wood,not out,10,6,6,2,0,166.66,not_out
Dimuth Karunaratne(c),c Najibullah Zadran b Mohammad Nabi,30,45,57,3,0,66.66,out
Kusal Perera,c Mohammad Shahzad b Rashid Khan,78,81,150,8,0,96.29,out
Lahiru Thirimanne,b Mohammad Nabi,25,34,39,1,0,73.52,out
Kusal Mendis,c Rahmat Shah b Mohammad Nabi,2,2,4,0,0,100.00,out
Angelo Mathews,c Rahmat Shah b Mohammad Nabi,0,2,5,0,0,0.00,out
Dhananjaya de Silva,c Mohammad Shahzad b Hamid Hassan,0,4,7,0,0,0.00,out
Thisara Perera,run out (Hashmatullah Shahidi/Mohammad Shahzad),2,4,12,0,0,50.00,out
Isuru Udana,b Dawlat Zadran,10,21,22,0,1,47.61,out
Suranga Lakmal,not out,15,13,26,2,0,115.38,not_out
Lasith Malinga,b Dawlat Zadran,4,14,15,1,0,28.57,out
Nuwan Pradeep,b Rashid Khan,0,4,6,0,0,0.00,out
Mohammad Shahzad,c Karunaratne b Malinga,7,12,24,1,0,58.33,out
Hazratullah Zazai,c NLTC Perera b Pradeep,30,25,48,3,1,120.00,out
Rahmat Shah,c Mathews b Udana,2,11,18,0,0,18.18,out
Hashmatullah Shahidi,c MDKJ Perera b Pradeep,4,17,24,0,0,23.52,out
Mohammad Nabi,b NLTC Perera,11,16,21,1,0,68.75,out
Gulbadin Naib(c),lbw b Pradeep,23,32,56,2,0,71.87,out
Najibullah Zadran,run out (Karunaratne),43,56,92,6,0,76.78,out
Rashid Khan,b Pradeep,2,4,7,0,0,50.00,out
Dawlat Zadran,b Malinga,6,18,25,1,0,33.33,out
Hamid Hassan,b Malinga,6,5,12,0,1,120.00,out
Mujeeb Ur Rahman,not out,1,1,4,0,0,100.00,not_out
Hashim Amla,c Sharma b Bumrah,6,9,16,1,0,66.66,out
Quinton de Kock,c Kohli b Bumrah,10,17,28,1,0,58.82,out
Faf du Plessis(c),b Chahal,38,54,77,4,0,70.37,out
Rassie van der Dussen,b Chahal,22,37,59,1,0,59.45,out
David Miller,c & b Chahal,31,40,69,1,0,77.50,out
Jean-Paul Duminy,lbw b Kuldeep Yadav,3,11,11,0,0,27.27,out
Andile Phehlukwayo,st Dhoni b Chahal,34,61,68,2,1,55.73,out
Chris Morris,c Kohli b Kumar,42,34,58,1,2,123.52,out
Kagiso Rabada,not out,31,35,45,2,0,88.57,not_out
Imran Tahir,c Jadhav b Kumar,0,2,2,0,0,0.00,out
Shikhar Dhawan,c de Kock b Rabada,8,12,23,1,0,66.66,out
Rohit Sharma,not out,122,144,212,13,2,84.72,not_out
Virat Kohli(c),c de Kock b Phehlukwayo,18,34,44,1,0,52.94,out
KL Rahul,c du Plessis b Rabada,26,42,71,2,0,61.90,out
MS Dhoni,c & b Morris,34,46,69,2,0,73.91,out
Hardik Pandya,not out,15,7,8,3,0,214.28,not_out
Tamim Iqbal,c Boult b Ferguson,24,38,58,3,0,63.15,out
Soumya Sarkar,b Henry,25,25,35,3,0,100.00,out
Shakib Al Hasan,c Latham b de Grandhomme,64,68,98,7,0,94.11,out
Mushfiqur Rahim,run out (Guptill/Latham),19,35,48,2,0,54.28,out
Mohammad Mithun,c de Grandhomme b Henry,26,33,59,3,0,78.78,out
Mahmudullah,c Williamson b Santner,20,41,52,0,0,48.78,out
Mosaddek Hossain,c Guptill b Boult,11,22,40,0,0,50.00,out
Mohammad Saifuddin,b Henry,29,23,34,3,1,126.08,out
Mehidy Hasan Miraz,c Latham b Boult,7,9,9,0,0,77.77,out
Mashrafe Mortaza(c),c Boult b Henry,1,2,6,0,0,50.00,out
Mustafizur Rahman,not out,0,0,1,0,0,-,not_out
Martin Guptill,c Tamim Iqbal b Shakib Al Hasan,25,14,22,3,1,178.57,out
Colin Munro,c Mehidy Hasan Miraz b Shakib Al Hasan,24,34,41,3,1,70.58,out
Kane Williamson(c),c Mosaddek Hossain b Mehidy Hasan Miraz,40,72,108,1,0,55.55,out
Ross Taylor,c Mushfiqur Rahim b Mosaddek Hossain,82,91,122,9,0,90.10,out
Tom Latham,c Mohammad Saifuddin b Mehidy Hasan Miraz,0,4,5,0,0,0.00,out
James Neesham,c Soumya Sarkar b Mosaddek Hossain,25,33,54,2,1,75.75,out
Colin de Grandhomme,c Mushfiqur Rahim b Mohammad Saifuddin,15,13,23,2,0,115.38,out
Mitchell Santner,not out,17,12,26,2,0,141.66,not_out
Matt Henry,b Mohammad Saifuddin,6,8,16,1,0,75.00,out
Lockie Ferguson,not out,4,3,5,1,0,133.33,not_out
David Warner,c Hetmyer b Cottrell,3,8,24,0,0,37.50,out
Aaron Finch(c),c Hope b Thomas,6,10,13,0,0,60.00,out
Usman Khawaja,c Hope b Russell,13,19,26,2,0,68.42,out
Steven Smith,c Cottrell b Thomas,73,103,178,7,0,70.87,out
Glenn Maxwell,c Hope b Cottrell,0,2,5,0,0,0.00,out
Marcus Stoinis,c Pooran b Holder,19,23,41,4,0,82.60,out
Alex Carey,c Hope b Russell,45,55,62,7,0,81.81,out
Nathan Coulter-Nile,c Holder b Brathwaite,92,60,79,8,4,153.33,out
Pat Cummins,c Cottrell b Brathwaite,2,6,12,0,0,33.33,out
Mitchell Starc,c Holder b Brathwaite,8,9,13,1,0,88.88,out
Adam Zampa,not out,0,0,2,0,0,-,not_out
Chris Gayle,lbw b Starc,21,17,29,4,0,123.52,out
Evin Lewis,c Smith b Cummins,1,5,10,0,0,20.00,out
Shai Hope,c Khawaja b Cummins,68,105,141,7,0,64.76,out
Nicholas Pooran,c Finch b Zampa,40,36,59,5,1,111.11,out
Shimron Hetmyer,run out (Cummins/Maxwell),21,28,31,3,0,75.00,out
Jason Holder(c),c Zampa b Starc,51,57,83,7,1,89.47,out
Andre Russell,c Maxwell b Starc,15,11,19,2,1,136.36,out
Carlos Brathwaite,c Finch b Starc,16,17,31,1,1,94.11,out
Ashley Nurse,not out,19,18,22,4,0,105.55,not_out
Sheldon Cottrell,b Starc,1,2,7,0,0,50.00,out
Oshane Thomas,not out,0,4,12,0,0,0.00,not_out
Jason Roy,c Mashrafe Mortaza b Mehidy Hasan Miraz,153,121,153,14,5,126.44,out
Jonny Bairstow,c Mehidy Hasan Miraz b Mashrafe Mortaza,51,50,81,6,0,102.00,out
Joe Root,b Mohammad Saifuddin,21,29,54,1,0,72.41,out
Jos Buttler,c Soumya Sarkar b Mohammad Saifuddin,64,44,66,2,4,145.45,out
Eoin Morgan(c),c Soumya Sarkar b Mehidy Hasan Miraz,35,33,56,1,2,106.06,out
Ben Stokes,c Mashrafe Mortaza b Mustafizur Rahman,6,7,13,0,0,85.71,out
Chris Woakes,not out,18,8,19,0,2,225.00,not_out
Liam Plunkett,not out,27,9,15,4,1,300.00,not_out
Tamim Iqbal,c Morgan b Wood,19,29,53,1,0,65.51,out
Soumya Sarkar,b Archer,2,8,14,0,0,25.00,out
Shakib Al Hasan,b Stokes,121,119,147,12,1,101.68,out
Mushfiqur Rahim,c Roy b Plunkett,44,50,65,2,0,88.00,out
Mohammad Mithun,c Bairstow b Rashid,0,2,4,0,0,0.00,out
Mahmudullah,c Bairstow b Wood,28,41,66,1,1,68.29,out
Mosaddek Hossain,c Archer b Stokes,26,16,16,4,0,162.50,out
Mohammad Saifuddin,b Stokes,5,8,13,0,0,62.50,out
Mehidy Hasan Miraz,c Bairstow b Archer,12,8,16,2,0,150.00,out
Mashrafe Mortaza(c),not out,4,9,14,0,0,44.44,not_out
Mustafizur Rahman,c Bairstow b Archer,0,3,4,0,0,0.00,out
Hazratullah Zazai,c Munro b Neesham,34,28,48,5,1,121.42,out
Noor Ali Zadran,c Latham b Ferguson,31,38,52,5,0,81.57,out
Rahmat Shah,c Guptill b Neesham,0,4,10,0,0,0.00,out
Hashmatullah Shahidi,c Henry b Ferguson,59,99,143,9,0,59.59,out
Gulbadin Naib(c),c Latham b Neesham,4,4,9,1,0,100.00,out
Mohammad Nabi,c Latham b Neesham,9,24,42,0,0,37.50,out
Najibullah Zadran,c Latham b Neesham,4,3,2,1,0,133.33,out
Ikram Alikhil,c Guptill b de Grandhomme,2,22,34,0,0,9.09,out
Rashid Khan,b Ferguson,0,4,7,0,0,0.00,out
Aftab Alam,c Latham b Ferguson,14,10,10,3,0,140.00,out
Hamid Hassan,not out,7,11,26,1,0,63.63,not_out
Martin Guptill,c Najibullah Zadran b Aftab Alam,0,1,3,0,0,0.00,out
Colin Munro,c Hamid Hassan b Aftab Alam,22,24,38,4,0,91.66,out
Kane Williamson(c),not out,79,99,136,9,0,79.79,not_out
Ross Taylor,b Aftab Alam,48,52,74,6,1,92.30,out
Tom Latham,not out,13,18,27,1,0,72.22,not_out
Rohit Sharma,c Carey b Coulter-Nile,57,70,101,3,1,81.42,out
Shikhar Dhawan,c sub (NM Lyon) b Starc,117,109,163,16,0,107.33,out
Virat Kohli(c),c Cummins b Stoinis,82,77,128,4,2,106.49,out
Hardik Pandya,c Finch b Cummins,48,27,41,4,3,177.77,out
MS Dhoni,c & b Stoinis,27,14,20,3,1,192.85,out
KL Rahul,not out,11,3,6,1,1,366.66,not_out
Kedar Jadhav,not out,0,0,2,0,0,-,not_out
David Warner,c Kumar b Chahal,56,84,111,5,0,66.66,out
Aaron Finch(c),run out (Jadhav/Pandya),36,35,60,3,1,102.85,out
Steven Smith,lbw b Kumar,69,70,115,5,1,98.57,out
Usman Khawaja,b Bumrah,42,39,48,4,1,107.69,out
Glenn Maxwell,c sub (RA Jadeja) b Chahal,28,14,25,5,0,200.00,out
Marcus Stoinis,b Kumar,0,2,3,0,0,0.00,out
Alex Carey,not out,55,35,50,5,1,157.14,not_out
Nathan Coulter-Nile,c Kohli b Bumrah,4,9,22,0,0,44.44,out
Pat Cummins,c Dhoni b Bumrah,8,7,11,1,0,114.28,out
Mitchell Starc,run out (sub [V Shankar]/Kumar),3,3,12,0,0,100.00,out
Adam Zampa,c sub (RA Jadeja) b Kumar,1,3,4,0,0,33.33,out
Quinton de Kock,not out,17,21,37,1,0,80.95,not_out
Hashim Amla,c Gayle b Cottrell,6,7,13,1,0,85.71,out
Aiden Markram,c Hope b Cottrell,5,10,16,1,0,50.00,out
Faf du Plessis(c),not out,0,7,9,0,0,0.00,not_out
Aaron Finch(c),c Mohammad Hafeez b Mohammad Amir,82,84,94,6,4,97.61,out
David Warner,c Imam-ul-Haq b Shaheen Shah Afridi,107,111,161,11,1,96.39,out
Steven Smith,c Asif Ali b Mohammad Hafeez,10,13,28,1,0,76.92,out
Glenn Maxwell,b Shaheen Shah Afridi,20,10,20,2,1,200.00,out
Shaun Marsh,c Shoaib Malik b Mohammad Amir,23,26,46,2,0,88.46,out
Usman Khawaja,c Wahab Riaz b Mohammad Amir,18,16,18,3,0,112.50,out
Alex Carey,lbw b Mohammad Amir,20,21,31,2,0,95.23,out
Nathan Coulter-Nile,c Sarfaraz Ahmed b Wahab Riaz,2,3,9,0,0,66.66,out
Pat Cummins,c Sarfaraz Ahmed b Hasan Ali,2,6,6,0,0,33.33,out
Mitchell Starc,c Shoaib Malik b Mohammad Amir,3,6,10,0,0,50.00,out
Kane Richardson,not out,1,1,3,0,0,100.00,not_out
Imam-ul-Haq,c Carey b Cummins,53,75,107,7,0,70.66,out
Fakhar Zaman,c Richardson b Cummins,0,3,12,0,0,0.00,out
Babar Azam,c Richardson b Coulter-Nile,30,28,37,7,0,107.14,out
Mohammad Hafeez,c Starc b Finch,46,49,69,3,1,93.87,out
Sarfaraz Ahmed(c),run out (Maxwell),40,48,96,1,0,83.33,out
Shoaib Malik,c Carey b Cummins,0,2,4,0,0,0.00,out
Asif Ali,c Carey b Richardson,5,8,9,0,0,62.50,out
Hasan Ali,c Khawaja b Richardson,32,15,17,3,3,213.33,out
Wahab Riaz,c Carey b Starc,45,39,49,2,3,115.38,out
Mohammad Amir,b Starc,0,2,5,0,0,0.00,out
Shaheen Shah Afridi,not out,1,6,5,0,0,16.66,not_out
Chris Gayle,c Bairstow b Plunkett,36,41,57,5,1,87.80,out
Evin Lewis,b Woakes,2,8,14,0,0,25.00,out
Shai Hope,lbw b Wood,11,30,47,1,0,36.66,out
Nicholas Pooran,c Buttler b Archer,63,78,116,3,1,80.76,out
Shimron Hetmyer,c & b Root,39,48,70,4,0,81.25,out
Jason Holder(c),c & b Root,9,10,9,0,1,90.00,out
Andre Russell,c Woakes b Wood,21,16,19,1,2,131.25,out
Carlos Brathwaite,c Buttler b Archer,14,22,39,0,1,63.63,out
Sheldon Cottrell,lbw b Archer,0,1,3,0,0,0.00,out
Oshane Thomas,not out,0,11,23,0,0,0.00,not_out
Shannon Gabriel,b Wood,0,3,7,0,0,0.00,out
Jonny Bairstow,c Brathwaite b Gabriel,45,46,72,7,0,97.82,out
Joe Root,not out,100,94,164,11,0,106.38,not_out
Chris Woakes,c sub (FA Allen) b Gabriel,40,54,78,4,0,74.07,out
Ben Stokes,not out,10,6,12,2,0,166.66,not_out
David Warner,b de Silva,26,48,70,2,0,54.16,out
Aaron Finch(c),c Karunaratne b Udana,153,132,176,15,5,115.90,out
Usman Khawaja,c Udana b de Silva,10,20,21,1,0,50.00,out
Steven Smith,b Malinga,73,59,90,7,1,123.72,out
Glenn Maxwell,not out,46,25,40,5,1,184.00,not_out
Shaun Marsh,c Siriwardana b Udana,3,9,19,0,0,33.33,out
Alex Carey,run out (Udana),4,3,8,0,0,133.33,out
Pat Cummins,run out (Udana),0,1,4,0,0,0.00,out
Mitchell Starc,not out,5,4,7,0,0,125.00,not_out
Dimuth Karunaratne(c),c Maxwell b Richardson,97,108,132,9,0,89.81,out
Kusal Perera,b Starc,52,36,64,5,1,144.44,out
Lahiru Thirimanne,c Carey b Behrendorff,16,26,34,1,0,61.53,out
Kusal Mendis,c Carey b Starc,30,37,68,0,2,81.08,out
Angelo Mathews,c Carey b Cummins,9,11,14,2,0,81.81,out
Milinda Siriwardana,b Starc,3,4,5,0,0,75.00,out
Thisara Perera,c Warner b Starc,7,3,4,0,1,233.33,out
Dhananjaya de Silva,not out,16,30,43,2,0,53.33,not_out
Isuru Udana,c Finch b Richardson,8,8,8,1,0,100.00,out
Lasith Malinga,c Khawaja b Richardson,1,5,9,0,0,20.00,out
Nuwan Pradeep,c Carey b Cummins,0,7,21,0,0,0.00,out
Hazratullah Zazai,c van der Dussen b Rabada,22,23,40,3,0,95.65,out
Noor Ali Zadran,b Imran Tahir,32,58,105,4,0,55.17,out
Rahmat Shah,lbw b Morris,6,22,32,1,0,27.27,out
Hashmatullah Shahidi,c du Plessis b Phehlukwayo,8,22,29,1,0,36.36,out
Asghar Afghan,c & b Imran Tahir,0,5,9,0,0,0.00,out
Mohammad Nabi,b Phehlukwayo,1,2,6,0,0,50.00,out
Ikram Alikhil,c Amla b Morris,9,33,43,0,0,27.27,out
Gulbadin Naib(c),c Markram b Imran Tahir,5,11,12,0,0,45.45,out
Rashid Khan,c van der Dussen b Imran Tahir,35,25,34,6,0,140.00,out
Hamid Hassan,c du Plessis b Morris,0,3,12,0,0,0.00,out
Aftab Alam,not out,0,1,7,0,0,0.00,not_out
Hashim Amla,not out,41,83,105,4,0,49.39,not_out
Quinton de Kock,c Mohammad Nabi b Gulbadin Naib,68,72,84,8,0,94.44,out
Andile Phehlukwayo,not out,17,17,21,2,1,100.00,not_out
KL Rahul,c Babar Azam b Wahab Riaz,57,78,94,3,2,73.07,out
Rohit Sharma,c Wahab Riaz b Hasan Ali,140,113,153,14,3,123.89,out
Virat Kohli(c),c Sarfaraz Ahmed b Mohammad Amir,77,65,105,7,0,118.46,out
Hardik Pandya,c Babar Azam b Mohammad Amir,26,19,24,2,1,136.84,out
MS Dhoni,c Sarfaraz Ahmed b Mohammad Amir,1,2,8,0,0,50.00,out
Vijay Shankar,not out,15,15,27,1,0,100.00,not_out
Kedar Jadhav,not out,9,8,13,1,0,112.50,not_out
Imam-ul-Haq,lbw b Shankar,7,18,23,1,0,38.88,out
Fakhar Zaman,c Chahal b Kuldeep Yadav,62,75,112,7,1,82.66,out
Babar Azam,b Kuldeep Yadav,48,57,83,3,1,84.21,out
Mohammad Hafeez,c Shankar b Pandya,9,7,13,0,1,128.57,out
Sarfaraz Ahmed(c),b Shankar,12,30,42,0,0,40.00,out
Shoaib Malik,b Pandya,0,1,3,0,0,0.00,out
Imad Wasim,not out,46,39,57,6,0,117.94,not_out
Shadab Khan,not out,20,14,24,1,0,142.85,not_out
Chris Gayle,c Mushfiqur Rahim b Mohammad Saifuddin,0,13,17,0,0,0.00,out
Evin Lewis,c sub (Sabbir Rahman) b Shakib Al Hasan,70,67,105,6,2,104.47,out
Shai Hope,c Liton Das b Mustafizur Rahman,96,121,191,4,1,79.33,out
Nicholas Pooran,c Soumya Sarkar b Shakib Al Hasan,25,30,29,2,1,83.33,out
Shimron Hetmyer,c Tamim Iqbal b Mustafizur Rahman,50,26,34,4,3,192.30,out
Andre Russell,c Mushfiqur Rahim b Mustafizur Rahman,0,2,5,0,0,0.00,out
Jason Holder(c),c Mahmudullah b Mohammad Saifuddin,33,15,18,4,2,220.00,out
Darren Bravo,b Mohammad Saifuddin,19,15,36,0,2,126.66,out
Oshane Thomas,not out,6,11,20,0,0,54.54,not_out
Tamim Iqbal,run out (Cottrell),48,53,87,6,0,90.56,out
Soumya Sarkar,c Gayle b Russell,29,23,38,2,2,126.08,out
Shakib Al Hasan,not out,124,99,170,16,0,125.25,not_out
Mushfiqur Rahim,c Hope b Thomas,1,5,11,0,0,20.00,out
Litton Das,not out,94,69,112,8,4,136.23,not_out
James Vince,c Mujeeb Ur Rahman b Dawlat Zadran,26,31,37,3,0,83.87,out
Jonny Bairstow,c & b Gulbadin Naib,90,99,115,8,3,90.90,out
Joe Root,c Rahmat Shah b Gulbadin Naib,88,82,155,5,1,107.31,out
Eoin Morgan(c),c Rahmat Shah b Gulbadin Naib,148,71,77,4,17,208.45,out
Jos Buttler,c Mohammad Nabi b Dawlat Zadran,2,2,8,0,0,100.00,out
Ben Stokes,b Dawlat Zadran,2,6,14,0,0,33.33,out
Moeen Ali,not out,31,9,15,1,4,344.44,not_out
Chris Woakes,not out,1,1,6,0,0,100.00,not_out
Noor Ali Zadran,b Archer,0,7,8,0,0,0.00,out
Gulbadin Naib(c),c Buttler b Wood,37,28,52,4,1,132.14,out
Rahmat Shah,c Bairstow b Rashid,46,74,98,3,1,62.16,out
Hashmatullah Shahidi,b Archer,76,100,145,5,2,76.00,out
Asghar Afghan,c Root b Rashid,44,48,68,3,2,91.66,out
Mohammad Nabi,c Stokes b Rashid,9,7,8,0,1,128.57,out
Najibullah Zadran,b Wood,15,13,21,0,1,115.38,out
Rashid Khan,c Bairstow b Archer,8,13,19,1,0,61.53,out
Ikram Alikhil,not out,3,10,18,0,0,30.00,not_out
Dawlat Zadran,not out,0,0,2,0,0,-,not_out
Quinton de Kock,b Boult,5,8,8,1,0,62.50,out
Hashim Amla,b Santner,55,83,111,4,0,66.26,out
Faf du Plessis(c),b Ferguson,23,35,53,4,0,65.71,out
Aiden Markram,c Munro b de Grandhomme,38,55,74,4,0,69.09,out
Rassie van der Dussen,not out,67,64,100,2,3,104.68,not_out
David Miller,c Boult b Ferguson,36,37,55,2,1,97.29,out
Andile Phehlukwayo,c Williamson b Ferguson,0,5,12,0,0,0.00,out
Chris Morris,not out,6,7,12,1,0,85.71,not_out
Martin Guptill,hit wicket b Phehlukwayo,35,59,68,5,0,59.32,out
Colin Munro,c & b Rabada,9,5,12,2,0,180.00,out
Kane Williamson(c),not out,106,138,216,9,1,76.81,not_out
Ross Taylor,c de Kock b Morris,1,2,6,0,0,50.00,out
Tom Latham,c de Kock b Morris,1,4,10,0,0,25.00,out
James Neesham,c Amla b Morris,23,34,60,3,0,67.64,out
Colin de Grandhomme,c du Plessis b Ngidi,60,47,70,5,2,127.65,out
Mitchell Santner,not out,2,3,14,0,0,66.66,not_out
David Warner,c Rubel Hossain b Soumya Sarkar,166,147,184,14,5,112.92,out
Aaron Finch(c),c Rubel Hossain b Soumya Sarkar,53,51,91,5,2,103.92,out
Usman Khawaja,c Mushfiqur Rahim b Soumya Sarkar,89,72,110,10,0,123.61,out
Glenn Maxwell,run out (Rubel Hossain),32,10,14,2,3,320.00,out
Marcus Stoinis,not out,17,11,22,2,0,154.54,not_out
Steven Smith,lbw b Mustafizur Rahman,1,2,4,0,0,50.00,out
Alex Carey,not out,11,8,14,1,0,137.50,not_out
Tamim Iqbal,b Starc,62,74,103,6,0,83.78,out
Soumya Sarkar,run out (Finch),10,8,18,2,0,125.00,out
Shakib Al Hasan,c Warner b Stoinis,41,41,61,4,0,100.00,out
Mushfiqur Rahim,not out,102,97,146,9,1,105.15,not_out
Litton Das,lbw b Zampa,20,17,29,3,0,117.64,out
Mahmudullah,c Cummins b Coulter-Nile,69,50,70,5,3,138.00,out
Sabbir Rahman,b Coulter-Nile,0,1,2,0,0,0.00,out
Mehidy Hasan Miraz,c Warner b Starc,6,7,14,0,0,85.71,out
Mashrafe Mortaza(c),c Maxwell b Stoinis,6,5,7,1,0,120.00,out
Dimuth Karunaratne(c),c Buttler b Archer,1,8,9,0,0,12.50,out
Kusal Perera,c Ali b Woakes,2,6,12,0,0,33.33,out
Avishka Fernando,c Rashid b Wood,49,39,50,6,2,125.64,out
Kusal Mendis,c Morgan b Rashid,46,68,110,2,0,67.64,out
Angelo Mathews,not out,85,115,146,5,1,73.91,not_out
Jeevan Mendis,c & b Rashid,0,1,2,0,0,0.00,out
Dhananjaya de Silva,c Root b Archer,29,47,48,1,0,61.70,out
Thisara Perera,c Rashid b Archer,2,6,12,0,0,33.33,out
Isuru Udana,c Root b Wood,6,4,7,1,0,150.00,out
Lasith Malinga,b Wood,1,5,9,0,0,20.00,out
Nuwan Pradeep,not out,1,1,8,0,0,100.00,not_out
James Vince,c BKG Mendis b Malinga,14,18,33,2,0,77.77,out
Jonny Bairstow,lbw b Malinga,0,1,3,0,0,0.00,out
Joe Root,c MDKJ Perera b Malinga,57,89,126,3,0,64.04,out
Eoin Morgan(c),c & b Udana,21,35,51,2,0,60.00,out
Ben Stokes,not out,82,89,135,7,4,92.13,not_out
Jos Buttler,lbw b Malinga,10,9,16,1,0,111.11,out
Moeen Ali,c Udana b de Silva,16,20,25,0,1,80.00,out
Chris Woakes,c MDKJ Perera b de Silva,2,4,8,0,0,50.00,out
Adil Rashid,c MDKJ Perera b de Silva,1,2,3,0,0,50.00,out
Jofra Archer,c NLTC Perera b Udana,3,11,18,0,0,27.27,out
Mark Wood,c MDKJ Perera b Pradeep,0,4,19,0,0,0.00,out
KL Rahul,c Hazratullah Zazai b Mohammad Nabi,30,53,56,2,0,56.60,out
Rohit Sharma,b Mujeeb Ur Rahman,1,10,60,0,0,10.00,out
Virat Kohli(c),c Rahmat Shah b Mohammad Nabi,67,63,105,5,0,106.34,out
Vijay Shankar,lbw b Rahmat Shah,29,41,49,2,0,70.73,out
MS Dhoni,st Ikram Alikhil b Rashid Khan,28,52,75,3,0,53.84,out
Kedar Jadhav,c sub (Noor Ali Zadran) b Gulbadin Naib,52,68,88,3,1,76.47,out
Hardik Pandya,c Ikram Alikhil b Aftab Alam,7,9,23,0,0,77.77,out
Mohammed Shami,b Gulbadin Naib,1,2,7,0,0,50.00,out
Kuldeep Yadav,not out,1,1,4,0,0,100.00,not_out
Jasprit Bumrah,not out,1,1,2,0,0,100.00,not_out
Hazratullah Zazai,b Mohammed Shami,10,24,32,1,0,41.66,out
Gulbadin Naib(c),c Shankar b Pandya,27,42,78,2,0,64.28,out
Rahmat Shah,c Chahal b Bumrah,36,63,94,3,0,57.14,out
Hashmatullah Shahidi,c & b Bumrah,21,45,53,2,0,46.66,out
Asghar Afghan,b Chahal,8,19,33,0,0,42.10,out
Mohammad Nabi,c Pandya b Mohammed Shami,52,55,105,4,1,94.54,out
Najibullah Zadran,c Chahal b Pandya,21,23,32,2,0,91.30,out
Rashid Khan,st Dhoni b Chahal,14,16,20,1,0,87.50,out
Ikram Alikhil,not out,7,10,28,0,0,70.00,not_out
Aftab Alam,b Mohammed Shami,0,1,2,0,0,0.00,out
Mujeeb Ur Rahman,b Mohammed Shami,0,1,2,0,0,0.00,out
Martin Guptill,lbw b Cottrell,0,1,3,0,0,0.00,out
Colin Munro,b Cottrell,0,1,10,0,0,0.00,out
Kane Williamson(c),c Hope b Cottrell,148,154,212,14,1,96.10,out
Ross Taylor,c Holder b Gayle,69,95,148,7,0,72.63,out
Tom Latham,c & b Cottrell,12,16,35,0,0,75.00,out
James Neesham,c Cottrell b Brathwaite,28,23,43,1,1,121.73,out
Colin de Grandhomme,run out (Cottrell),16,6,11,1,1,266.66,out
Mitchell Santner,c Cottrell b Brathwaite,10,5,8,0,1,200.00,out
Matt Henry,not out,0,0,1,0,0,-,not_out
Chris Gayle,c Boult b de Grandhomme,87,84,111,8,6,103.57,out
Shai Hope,b Boult,1,3,12,0,0,33.33,out
Nicholas Pooran,c Latham b Boult,1,7,17,0,0,14.28,out
Shimron Hetmyer,b Ferguson,54,45,72,8,1,120.00,out
Jason Holder(c),c Latham b Ferguson,0,1,2,0,0,0.00,out
Carlos Brathwaite,c Boult b Neesham,101,82,117,9,5,123.17,out
Ashley Nurse,c Latham b Boult,1,8,9,0,0,12.50,out
Evin Lewis,c Neesham b Boult,0,3,4,0,0,0.00,out
Kemar Roach,c Latham b Henry,14,31,44,0,1,45.16,out
Sheldon Cottrell,b Ferguson,15,26,30,2,0,57.69,out
Oshane Thomas,not out,0,4,24,0,0,0.00,not_out
Imam-ul-Haq,c & b Imran Tahir,44,58,71,6,0,75.86,out
Fakhar Zaman,c Amla b Imran Tahir,44,50,94,6,1,88.00,out
Babar Azam,c Ngidi b Phehlukwayo,69,80,113,7,0,86.25,out
Mohammad Hafeez,lbw b Markram,20,33,38,0,1,60.60,out
Haris Sohail,c de Kock b Ngidi,89,59,95,9,3,150.84,out
Imad Wasim,c sub (JP Duminy) b Ngidi,23,15,33,3,0,153.33,out
Wahab Riaz,b Ngidi,4,4,7,0,0,100.00,out
Sarfaraz Ahmed(c),not out,2,2,6,0,0,100.00,not_out
Shadab Khan,not out,1,1,2,0,0,100.00,not_out
Hashim Amla,lbw b Mohammad Amir,2,3,7,0,0,66.66,out
Quinton de Kock,c Imam-ul-Haq b Shadab Khan,47,60,83,3,2,78.33,out
Faf du Plessis(c),c Sarfaraz Ahmed b Mohammad Amir,63,79,112,5,0,79.74,out
Aiden Markram,b Shadab Khan,7,16,13,0,0,43.75,out
Rassie van der Dussen,c Mohammad Hafeez b Shadab Khan,36,47,71,1,1,76.59,out
David Miller,b Shaheen Shah Afridi,31,37,54,3,0,83.78,out
Andile Phehlukwayo,not out,46,32,50,6,0,143.75,not_out
Chris Morris,b Wahab Riaz,16,10,16,1,1,160.00,out
Kagiso Rabada,b Wahab Riaz,3,7,13,0,0,42.85,out
Lungi Ngidi,b Wahab Riaz,1,6,9,0,0,16.66,out
Imran Tahir,not out,1,3,8,0,0,33.33,not_out
Litton Das,c Hashmatullah Shahidi b Mujeeb Ur Rahman,16,17,20,2,0,94.11,out
Tamim Iqbal,b Mohammad Nabi,36,53,62,4,0,67.92,out
Shakib Al Hasan,lbw b Mujeeb Ur Rahman,51,69,99,1,0,73.91,out
Mushfiqur Rahim,c Mohammad Nabi b Dawlat Zadran,83,87,148,4,1,95.40,out
Soumya Sarkar,lbw b Mujeeb Ur Rahman,3,10,13,0,0,30.00,out
Mahmudullah,c Mohammad Nabi b Gulbadin Naib,27,38,52,2,0,71.05,out
Mosaddek Hossain,b Gulbadin Naib,35,24,34,4,0,145.83,out
Mohammad Saifuddin,not out,2,2,7,0,0,100.00,not_out
Gulbadin Naib(c),c Liton Das b Shakib Al Hasan,47,75,107,3,0,62.66,out
Rahmat Shah,c Tamim Iqbal b Shakib Al Hasan,24,35,45,3,0,68.57,out
Hashmatullah Shahidi,st Mushfiqur Rahim b Mosaddek Hossain,11,31,36,0,0,35.48,out
Asghar Afghan,c sub (Sabbir Rahman) b Shakib Al Hasan,20,38,44,1,0,52.63,out
Mohammad Nabi,b Shakib Al Hasan,0,2,3,0,0,0.00,out
Samiullah Shinwari,not out,49,51,90,3,1,96.07,not_out
Ikram Alikhil,run out (Liton Das),11,12,20,1,0,91.66,out
Najibullah Zadran,st Mushfiqur Rahim b Shakib Al Hasan,23,23,34,2,0,100.00,out
Rashid Khan,c Mashrafe Mortaza b Mustafizur Rahman,2,3,7,0,0,66.66,out
Dawlat Zadran,c Mushfiqur Rahim b Mustafizur Rahman,0,8,11,0,0,0.00,out
Mujeeb Ur Rahman,b Mohammad Saifuddin,0,4,7,0,0,0.00,out
Aaron Finch(c),c Woakes b Archer,100,116,144,11,2,86.20,out
David Warner,c Root b Ali,53,61,95,6,0,86.88,out
Usman Khawaja,b Stokes,23,29,32,1,0,79.31,out
Steven Smith,c Archer b Woakes,38,34,64,5,0,111.76,out
Glenn Maxwell,c Buttler b Wood,12,8,14,1,1,150.00,out
Marcus Stoinis,run out (Bairstow/Rashid/Buttler),8,15,17,1,0,53.33,out
Alex Carey,not out,38,27,41,5,0,140.74,not_out
Pat Cummins,c Buttler b Woakes,1,4,8,0,0,25.00,out
Mitchell Starc,not out,4,6,15,0,0,66.66,not_out
James Vince,b Behrendorff,0,2,2,0,0,0.00,out
Jonny Bairstow,c Cummins b Behrendorff,27,39,68,5,0,69.23,out
Joe Root,lbw b Starc,8,9,16,2,0,88.88,out
Eoin Morgan(c),c Cummins b Starc,4,7,13,1,0,57.14,out
Ben Stokes,b Starc,89,115,138,8,2,77.39,out
Jos Buttler,c Khawaja b Stoinis,25,27,60,2,0,92.59,out
Chris Woakes,c Finch b Behrendorff,26,34,64,2,0,76.47,out
Moeen Ali,c Carey b Behrendorff,6,9,14,1,0,66.66,out
Adil Rashid,c Stoinis b Starc,25,20,24,3,1,125.00,out
Jofra Archer,c Warner b Behrendorff,1,4,10,0,0,25.00,out
Mark Wood,not out,1,2,6,0,0,50.00,not_out
Martin Guptill,b Mohammad Amir,5,4,5,1,0,125.00,out
Colin Munro,c Haris Sohail b Shaheen Shah Afridi,12,17,37,2,0,70.58,out
Kane Williamson(c),c Sarfaraz Ahmed b Shadab Khan,41,69,114,4,0,59.42,out
Ross Taylor,c Sarfaraz Ahmed b Shaheen Shah Afridi,3,8,14,0,0,37.50,out
Tom Latham,c Sarfaraz Ahmed b Shaheen Shah Afridi,1,14,18,0,0,7.14,out
James Neesham,not out,97,112,158,5,3,86.60,not_out
Colin de Grandhomme,run out (Mohammad Amir/Sarfaraz Ahmed),64,71,96,6,1,90.14,out
Mitchell Santner,not out,5,5,12,0,0,100.00,not_out
Imam-ul-Haq,c Guptill b Ferguson,19,29,42,3,0,65.51,out
Fakhar Zaman,c Guptill b Boult,9,10,13,2,0,90.00,out
Babar Azam,not out,101,127,198,11,0,79.52,not_out
Mohammad Hafeez,c Ferguson b Williamson,32,50,70,5,0,64.00,out
Haris Sohail,run out (Guptill),68,76,98,5,2,89.47,out
Sarfaraz Ahmed(c),not out,5,3,4,1,0,166.66,not_out
KL Rahul,b Holder,48,64,91,6,0,75.00,out
Rohit Sharma,c Hope b Roach,18,23,28,1,1,78.26,out
Virat Kohli(c),c sub (DM Bravo) b Holder,72,82,146,8,0,87.80,out
Vijay Shankar,c Hope b Roach,14,19,26,3,0,73.68,out
Kedar Jadhav,c Hope b Roach,7,10,13,1,0,70.00,out
MS Dhoni,not out,56,61,99,3,2,91.80,not_out
Hardik Pandya,c Allen b Cottrell,46,38,48,5,0,121.05,out
Mohammed Shami,c Hope b Cottrell,0,2,4,0,0,0.00,out
Kuldeep Yadav,not out,0,1,7,0,0,0.00,not_out
Chris Gayle,c Jadhav b Mohammed Shami,6,19,22,1,0,31.57,out
Sunil Ambris,lbw b Pandya,31,40,84,2,0,77.50,out
Shai Hope,b Mohammed Shami,5,10,12,1,0,50.00,out
Nicholas Pooran,c Mohammed Shami b Kuldeep Yadav,28,50,61,2,0,56.00,out
Shimron Hetmyer,c Rahul b Mohammed Shami,18,29,52,1,0,62.06,out
Jason Holder(c),c Jadhav b Chahal,6,13,14,0,0,46.15,out
Carlos Brathwaite,c Dhoni b Bumrah,1,5,13,0,0,20.00,out
Fabian Allen,lbw b Bumrah,0,1,3,0,0,0.00,out
Kemar Roach,not out,14,21,38,3,0,66.66,not_out
Sheldon Cottrell,lbw b Chahal,10,8,7,1,1,125.00,out
Oshane Thomas,c Sharma b Mohammed Shami,6,11,20,1,0,54.54,out
Dimuth Karunaratne(c),c du Plessis b Rabada,0,1,3,0,0,0.00,out
Kusal Perera,b Pretorius,30,34,58,4,0,88.23,out
Avishka Fernando,c du Plessis b Pretorius,30,29,46,4,0,103.44,out
Kusal Mendis,c Morris b Pretorius,23,51,75,2,0,45.09,out
Angelo Mathews,b Morris,11,29,48,1,0,37.93,out
Dhananjaya de Silva,b Duminy,24,41,54,2,0,58.53,out
Jeevan Mendis,c Pretorius b Morris,18,46,54,1,1,39.13,out
Thisara Perera,c Rabada b Phehlukwayo,21,25,41,0,0,84.00,out
Isuru Udana,c & b Rabada,17,32,40,1,0,53.12,out
Suranga Lakmal,not out,5,7,23,0,0,71.42,not_out
Lasith Malinga,c du Plessis b Morris,4,2,7,1,0,200.00,out
Quinton de Kock,b Malinga,15,16,16,3,0,93.75,out
Hashim Amla,not out,80,105,167,5,0,76.19,not_out
Faf du Plessis(c),not out,96,103,103,10,1,93.20,not_out
Rahmat Shah,c Babar Azam b Imad Wasim,35,43,54,5,0,81.39,out
Gulbadin Naib(c),c Sarfaraz Ahmed b Shaheen Shah Afridi,15,12,22,3,0,125.00,out
Hashmatullah Shahidi,c Imad Wasim b Shaheen Shah Afridi,0,1,2,0,0,0.00,out
Ikram Alikhil,c Mohammad Hafeez b Imad Wasim,24,66,90,1,0,36.36,out
Asghar Afghan,b Shadab Khan,42,35,51,3,2,120.00,out
Mohammad Nabi,c Mohammad Amir b Wahab Riaz,16,33,53,0,0,48.48,out
Najibullah Zadran,b Shaheen Shah Afridi,42,54,75,6,0,77.77,out
Samiullah Shinwari,not out,19,32,59,1,0,59.37,not_out
Rashid Khan,c Fakhar Zaman b Shaheen Shah Afridi,8,12,11,1,0,66.66,out
Hamid Hassan,b Wahab Riaz,1,3,9,0,0,33.33,out
Mujeeb Ur Rahman,not out,7,9,10,1,0,77.77,not_out
Fakhar Zaman,lbw b Mujeeb Ur Rahman,0,2,4,0,0,0.00,out
Imam-ul-Haq,st Ikram Alikhil b Mohammad Nabi,36,51,60,4,0,70.58,out
Babar Azam,b Mohammad Nabi,45,51,63,5,0,88.23,out
Mohammad Hafeez,c Hashmatullah Shahidi b Mujeeb Ur Rahman,19,35,48,1,0,54.28,out
Haris Sohail,lbw b Rashid Khan,27,57,58,2,0,47.36,out
Sarfaraz Ahmed(c),run out (Najibullah Zadran/Ikram Alikhil),18,22,37,1,0,81.81,out
Imad Wasim,not out,49,54,63,5,0,90.74,not_out
Shadab Khan,run out (Gulbadin Naib/Ikram Alikhil),11,17,33,1,0,64.70,out
Wahab Riaz,not out,15,9,14,1,1,166.66,not_out
David Warner,c Latham b Ferguson,16,23,39,3,0,69.56,out
Aaron Finch(c),lbw b Boult,8,15,19,1,0,53.33,out
Usman Khawaja,b Boult,88,129,187,5,0,68.21,out
Steven Smith,c Guptill b Ferguson,5,8,13,0,0,62.50,out
Marcus Stoinis,c Latham b Neesham,21,26,41,3,0,80.76,out
Glenn Maxwell,c & b Neesham,1,5,8,0,0,20.00,out
Alex Carey,c Guptill b Williamson,71,72,113,11,0,98.61,out
Pat Cummins,not out,23,19,34,1,0,121.05,not_out
Mitchell Starc,b Boult,0,1,2,0,0,0.00,out
Jason Behrendorff,lbw b Boult,0,1,4,0,0,0.00,out
Nathan Lyon,not out,0,1,1,0,0,0.00,not_out
Martin Guptill,lbw b Behrendorff,20,43,60,2,0,46.51,out
Henry Nicholls,c Carey b Behrendorff,8,20,43,2,0,40.00,out
Kane Williamson(c),c Carey b Starc,40,51,69,2,1,78.43,out
Ross Taylor,c Carey b Cummins,30,54,76,2,0,55.55,out
Tom Latham,c Smith b Starc,14,28,41,0,0,50.00,out
Colin de Grandhomme,c Khawaja b Smith,0,1,6,0,0,0.00,out
James Neesham,c & b Lyon,9,22,24,0,0,40.90,out
Mitchell Santner,c Behrendorff b Starc,12,29,42,0,1,41.37,out
Ish Sodhi,lbw b Starc,5,4,11,1,0,125.00,out
Lockie Ferguson,b Starc,0,3,7,0,0,0.00,out
Trent Boult,not out,2,7,13,0,0,28.57,not_out
Jason Roy,c sub (RA Jadeja) b Kuldeep Yadav,66,57,101,7,2,115.78,out
Jonny Bairstow,c Pant b Mohammed Shami,111,109,138,10,6,101.83,out
Joe Root,c Pandya b Mohammed Shami,44,54,96,2,0,81.48,out
Eoin Morgan(c),c Jadhav b Mohammed Shami,1,9,10,0,0,11.11,out
Ben Stokes,c sub (RA Jadeja) b Bumrah,79,54,80,6,3,146.29,out
Jos Buttler,c & b Mohammed Shami,20,8,17,1,2,250.00,out
Chris Woakes,c Sharma b Mohammed Shami,7,5,8,1,0,140.00,out
Liam Plunkett,not out,1,4,11,0,0,25.00,not_out
Jofra Archer,not out,0,0,2,0,0,-,not_out
KL Rahul,c & b Woakes,0,9,10,0,0,0.00,out
Rohit Sharma,c Buttler b Woakes,102,109,152,15,0,93.57,out
Virat Kohli(c),c sub (JM Vince) b Plunkett,66,76,103,7,0,86.84,out
Rishabh Pant,c Woakes b Plunkett,32,29,58,4,0,110.34,out
Hardik Pandya,c sub (JM Vince) b Plunkett,45,33,49,4,0,136.36,out
MS Dhoni,not out,42,31,54,4,1,135.48,not_out
Kedar Jadhav,not out,12,13,24,1,0,92.30,not_out
Dimuth Karunaratne(c),c Hope b Holder,32,48,69,4,0,66.66,out
Kusal Perera,run out (Cottrell/Brathwaite),64,51,87,8,0,125.49,out
Avishka Fernando,c Allen b Cottrell,104,103,151,9,2,100.97,out
Kusal Mendis,c & b Allen,39,41,53,4,0,95.12,out
Angelo Mathews,b Holder,26,20,45,2,1,130.00,out
Lahiru Thirimanne,not out,45,33,53,4,0,136.36,not_out
Isuru Udana,c Holder b Thomas,3,6,9,0,0,50.00,out
Dhananjaya de Silva,not out,6,3,5,1,0,200.00,not_out
Chris Gayle,c Vandersay b Rajitha,35,48,70,1,2,72.91,out
Sunil Ambris,c Perera b Malinga,5,6,11,1,0,83.33,out
Shai Hope,b Malinga,5,11,13,1,0,45.45,out
Shimron Hetmyer,run out (de Silva),29,38,62,2,0,76.31,out
Nicholas Pooran,c Perera b Mathews,118,103,156,11,4,114.56,out
Jason Holder(c),c sub (BMAJ Mendis) b Vandersay,26,26,38,4,0,100.00,out
Carlos Brathwaite,run out (Udana),8,15,33,1,0,53.33,out
Fabian Allen,run out (Rajitha/Udana),51,32,50,7,1,159.37,out
Sheldon Cottrell,not out,7,10,35,0,0,70.00,not_out
Oshane Thomas,lbw b Malinga,1,6,8,0,0,16.66,out
Shannon Gabriel,not out,3,7,7,0,0,42.85,not_out
KL Rahul,c Mushfiqur Rahim b Rubel Hossain,77,92,135,6,1,83.69,out
Rohit Sharma,c Liton Das b Soumya Sarkar,104,92,121,7,5,113.04,out
Virat Kohli(c),c Rubel Hossain b Mustafizur Rahman,26,27,45,3,0,96.29,out
Rishabh Pant,c Mosaddek Hossain b Shakib Al Hasan,48,41,56,6,1,117.07,out
Hardik Pandya,c Soumya Sarkar b Mustafizur Rahman,0,2,4,0,0,0.00,out
MS Dhoni,c Shakib Al Hasan b Mustafizur Rahman,35,33,52,4,0,106.06,out
Dinesh Karthik,c Mosaddek Hossain b Mustafizur Rahman,8,9,17,1,0,88.88,out
Bhuvneshwar Kumar,run out (Mushfiqur Rahim/Mustafizur Rahman),2,3,15,0,0,66.66,out
Mohammed Shami,b Mustafizur Rahman,1,2,6,0,0,50.00,out
Jasprit Bumrah,not out,0,0,1,0,0,-,not_out
Tamim Iqbal,b Mohammed Shami,22,31,39,3,0,70.96,out
Soumya Sarkar,c Kohli b Pandya,33,38,67,4,0,86.84,out
Shakib Al Hasan,c Karthik b Pandya,66,74,111,6,0,89.18,out
Mushfiqur Rahim,c Mohammed Shami b Chahal,24,23,29,3,0,104.34,out
Litton Das,c Karthik b Pandya,22,24,31,0,1,91.66,out
Mosaddek Hossain,b Bumrah,3,7,13,0,0,42.85,out
Sabbir Rahman,b Bumrah,36,36,55,5,0,100.00,out
Mohammad Saifuddin,not out,51,38,72,9,0,134.21,not_out
Mashrafe Mortaza(c),c Dhoni b Kumar,8,5,8,0,1,160.00,out
Rubel Hossain,b Bumrah,9,11,18,1,0,81.81,out
Mustafizur Rahman,b Bumrah,0,1,2,0,0,0.00,out
Jason Roy,c Santner b Neesham,60,61,81,8,0,98.36,out
Jonny Bairstow,b Henry,106,99,147,15,1,107.07,out
Joe Root,c Latham b Boult,24,25,54,1,0,96.00,out
Jos Buttler,c Williamson b Boult,11,12,25,1,0,91.66,out
Eoin Morgan(c),c Santner b Henry,42,40,64,5,0,105.00,out
Ben Stokes,c Henry b Santner,11,27,33,0,0,40.74,out
Chris Woakes,c Williamson b Neesham,4,11,12,0,0,36.36,out
Liam Plunkett,not out,15,12,28,1,0,125.00,not_out
Adil Rashid,b Southee,16,12,17,1,0,133.33,out
Jofra Archer,not out,1,1,1,0,0,100.00,not_out
Martin Guptill,c Buttler b Archer,8,16,25,1,0,50.00,out
Henry Nicholls,lbw b Woakes,0,1,6,0,0,0.00,out
Kane Williamson(c),run out (Wood),27,40,62,3,0,67.50,out
Ross Taylor,run out (Rashid/Buttler),28,42,54,2,0,66.66,out
Tom Latham,c Buttler b Plunkett,57,65,106,5,0,87.69,out
James Neesham,b Wood,19,27,31,1,0,70.37,out
Colin de Grandhomme,c Root b Stokes,3,13,15,0,0,23.07,out
Mitchell Santner,lbw b Wood,12,30,58,1,0,40.00,out
Tim Southee,not out,7,16,30,0,0,43.75,not_out
Matt Henry,b Wood,7,13,17,0,0,53.84,out
Trent Boult,st Buttler b Rashid,4,7,7,1,0,57.14,out
Chris Gayle,c Ikram Alikhil b Dawlat Zadran,7,18,21,1,0,38.88,out
Evin Lewis,c Mohammad Nabi b Rashid Khan,58,78,98,6,2,74.35,out
Shai Hope,c Rashid Khan b Mohammad Nabi,77,92,137,6,2,83.69,out
Shimron Hetmyer,c sub (Noor Ali Zadran) b Dawlat Zadran,39,31,42,3,2,125.80,out
Nicholas Pooran,run out (Ikram Alikhil/Sayed Shirzad),58,43,66,6,1,134.88,out
Jason Holder(c),c Dawlat Zadran b Sayed Shirzad,45,34,54,1,4,132.35,out
Carlos Brathwaite,not out,14,4,6,2,1,350.00,not_out
Fabian Allen,not out,0,0,5,0,0,-,not_out
Gulbadin Naib(c),c Lewis b Roach,5,6,8,1,0,83.33,out
Rahmat Shah,c Gayle b Brathwaite,62,78,112,10,0,79.48,out
Ikram Alikhil,lbw b Gayle,86,93,142,8,0,92.47,out
Najibullah Zadran,run out (Hetmyer/Brathwaite),31,38,42,1,1,81.57,out
Asghar Afghan,c Holder b Brathwaite,40,32,47,4,1,125.00,out
Mohammad Nabi,c Allen b Roach,2,6,11,0,0,33.33,out
Samiullah Shinwari,c Hetmyer b Roach,6,9,18,0,0,66.66,out
Rashid Khan,c Holder b Brathwaite,9,16,27,0,1,56.25,out
Dawlat Zadran,c Cottrell b Brathwaite,1,2,6,0,0,50.00,out
Sayed Shirzad,c Allen b Thomas,25,17,20,2,2,147.05,out
Mujeeb Ur Rahman,not out,7,5,13,1,0,140.00,not_out
Fakhar Zaman,c Mehidy Hasan Miraz b Mohammad Saifuddin,13,31,27,1,0,41.93,out
Imam-ul-Haq,hit wicket b Mustafizur Rahman,100,100,172,7,0,100.00,out
Babar Azam,lbw b Mohammad Saifuddin,96,98,102,11,0,97.95,out
Mohammad Hafeez,c Shakib Al Hasan b Mehidy Hasan Miraz,27,25,49,3,0,108.00,out
Haris Sohail,c Soumya Sarkar b Mustafizur Rahman,6,6,13,1,0,100.00,out
Imad Wasim,c Mahmudullah b Mustafizur Rahman,43,26,49,6,1,165.38,out
Sarfaraz Ahmed(c),not out,3,3,13,0,0,100.00,not_out
Wahab Riaz,b Mohammad Saifuddin,2,4,10,0,0,50.00,out
Shadab Khan,c & b Mustafizur Rahman,1,2,4,0,0,50.00,out
Mohammad Amir,c Mushfiqur Rahim b Mustafizur Rahman,8,6,16,1,0,133.33,out
Shaheen Shah Afridi,not out,0,0,4,0,0,-,not_out
Tamim Iqbal,b Shaheen Shah Afridi,8,21,40,0,0,38.09,out
Soumya Sarkar,c Fakhar Zaman b Mohammad Amir,22,22,20,4,0,100.00,out
Shakib Al Hasan,c Sarfaraz Ahmed b Shaheen Shah Afridi,64,77,109,6,0,83.11,out
Mushfiqur Rahim,b Wahab Riaz,16,19,29,2,0,84.21,out
Litton Das,c Haris Sohail b Shaheen Shah Afridi,32,40,38,3,0,80.00,out
Mahmudullah,b Shaheen Shah Afridi,29,41,64,3,0,70.73,out
Mosaddek Hossain,c Babar Azam b Shadab Khan,16,21,36,1,0,76.19,out
Mohammad Saifuddin,c Mohammad Amir b Shaheen Shah Afridi,0,1,5,0,0,0.00,out
Mehidy Hasan Miraz,not out,7,6,20,1,0,116.66,not_out
Mashrafe Mortaza(c),st Sarfaraz Ahmed b Shadab Khan,15,14,14,0,2,107.14,out
Mustafizur Rahman,b Shaheen Shah Afridi,1,3,5,0,0,33.33,out
Dimuth Karunaratne(c),c Dhoni b Bumrah,10,17,16,2,0,58.82,out
Kusal Perera,c Dhoni b Bumrah,18,14,36,3,0,128.57,out
Avishka Fernando,c Dhoni b Pandya,20,21,42,4,0,95.23,out
Kusal Mendis,st Dhoni b Jadeja,3,13,15,0,0,23.07,out
Angelo Mathews,c Sharma b Bumrah,113,128,157,10,2,88.28,out
Lahiru Thirimanne,c Jadeja b Kuldeep Yadav,53,68,102,4,0,77.94,out
Dhananjaya de Silva,not out,29,36,60,1,0,80.55,not_out
Thisara Perera,c Pandya b Kumar,2,3,8,0,0,66.66,out
Isuru Udana,not out,1,1,3,0,0,100.00,not_out
KL Rahul,c MDKJ Perera b Malinga,111,118,180,11,1,94.06,out
Rohit Sharma,c Mathews b Rajitha,103,94,133,14,2,109.57,out
Virat Kohli(c),not out,34,41,61,3,0,82.92,not_out
Rishabh Pant,lbw b Udana,4,4,6,1,0,100.00,out
Hardik Pandya,not out,7,4,8,1,0,175.00,not_out
Aiden Markram,st Carey b Lyon,34,37,51,6,1,91.89,out
Quinton de Kock,c Starc b Lyon,52,51,78,7,0,101.96,out
Faf du Plessis(c),c Starc b Behrendorff,100,94,125,7,2,106.38,out
Rassie van der Dussen,c Maxwell b Cummins,95,97,136,4,4,97.93,out
Jean-Paul Duminy,c Stoinis b Starc,14,13,18,1,0,107.69,out
Dwaine Pretorius,b Starc,2,5,13,0,0,40.00,out
Andile Phehlukwayo,not out,4,3,8,1,0,133.33,not_out
David Warner,c Morris b Pretorius,122,117,168,15,2,104.27,out
Aaron Finch(c),c Markram b Imran Tahir,3,4,9,0,0,75.00,out
Usman Khawaja,b Rabada,18,14,26,3,0,128.57,out
Steven Smith,lbw b Pretorius,7,6,9,1,0,116.66,out
Marcus Stoinis,run out (Rabada/de Kock),22,34,54,4,0,64.70,out
Glenn Maxwell,c de Kock b Rabada,12,20,24,1,0,60.00,out
Alex Carey,c Markram b Morris,85,69,90,11,1,123.18,out
Pat Cummins,c Duminy b Phehlukwayo,9,15,24,1,0,60.00,out
Mitchell Starc,b Rabada,16,11,24,1,1,145.45,out
Jason Behrendorff,not out,11,6,10,0,0,183.33,not_out
Nathan Lyon,c Markram b Phehlukwayo,3,3,7,0,0,100.00,out
Martin Guptill,c Kohli b Bumrah,1,14,15,0,0,7.14,out
Henry Nicholls,b Jadeja,28,51,87,2,0,54.90,out
Kane Williamson(c),c Jadeja b Chahal,67,95,137,6,0,70.52,out
Ross Taylor,run out (Jadeja),74,90,130,3,1,82.22,out
James Neesham,c Karthik b Pandya,12,18,28,1,0,66.66,out
Colin de Grandhomme,c Dhoni b Kumar,16,10,19,2,0,160.00,out
Tom Latham,c Jadeja b Kumar,10,11,22,0,0,90.90,out
Mitchell Santner,not out,9,6,13,1,0,150.00,not_out
Matt Henry,c Kohli b Kumar,1,2,6,0,0,50.00,out
Trent Boult,not out,3,3,6,0,0,100.00,not_out
KL Rahul,c Latham b Henry,1,7,18,0,0,14.28,out
Rohit Sharma,c Latham b Henry,1,4,7,0,0,25.00,out
Virat Kohli(c),lbw b Boult,1,6,8,0,0,16.66,out
Rishabh Pant,c de Grandhomme b Santner,32,56,89,4,0,57.14,out
Dinesh Karthik,c Neesham b Henry,6,25,29,1,0,24.00,out
Hardik Pandya,c Williamson b Santner,32,62,81,2,0,51.61,out
MS Dhoni,run out (Guptill),50,72,114,1,1,69.44,out
Ravindra Jadeja,c Williamson b Boult,77,59,84,4,4,130.50,out
Bhuvneshwar Kumar,b Ferguson,0,1,10,0,0,0.00,out
Yuzvendra Chahal,c Latham b Neesham,5,5,8,1,0,100.00,out
Jasprit Bumrah,not out,0,0,4,0,0,-,not_out
David Warner,c Bairstow b Woakes,9,11,14,2,0,81.81,out
Aaron Finch(c),lbw b Archer,0,1,6,0,0,0.00,out
Steven Smith,run out (Buttler),85,119,201,6,0,71.42,out
Peter Handscomb,b Woakes,4,12,15,0,0,33.33,out
Alex Carey,c sub (JM Vince) b Rashid,46,70,94,4,0,65.71,out
Marcus Stoinis,lbw b Rashid,0,2,4,0,0,0.00,out
Glenn Maxwell,c Morgan b Archer,22,23,29,2,1,95.65,out
Pat Cummins,c Root b Rashid,6,10,11,0,0,60.00,out
Mitchell Starc,c Buttler b Woakes,29,36,45,1,1,80.55,out
Jason Behrendorff,b Wood,1,4,10,0,0,25.00,out
Nathan Lyon,not out,5,6,8,0,0,83.33,not_out
Jason Roy,c Carey b Cummins,85,65,99,9,5,130.76,out
Jonny Bairstow,lbw b Starc,34,43,88,5,0,79.06,out
Joe Root,not out,49,46,67,8,0,106.52,not_out
Eoin Morgan(c),not out,45,39,55,8,0,115.38,not_out
Martin Guptill,lbw b Woakes,19,18,30,2,1,105.55,out
Henry Nicholls,b Plunkett,55,77,123,4,0,71.42,out
Kane Williamson(c),c Buttler b Plunkett,30,53,77,2,0,56.60,out
Ross Taylor,lbw b Wood,15,31,47,0,0,48.38,out
Tom Latham,c sub (JM Vince) b Woakes,47,56,104,2,1,83.92,out
James Neesham,c Root b Plunkett,19,25,28,3,0,76.00,out
Colin de Grandhomme,c sub (JM Vince) b Woakes,16,28,38,0,0,57.14,out
Mitchell Santner,not out,5,9,19,0,0,55.55,not_out
Matt Henry,b Archer,4,2,7,1,0,200.00,out
Trent Boult,not out,1,2,3,0,0,50.00,not_out
Jason Roy,c Latham b Henry,17,20,24,3,0,85.00,out
Jonny Bairstow,b Ferguson,36,55,79,7,0,65.45,out
Joe Root,c Latham b de Grandhomme,7,30,40,0,0,23.33,out
Eoin Morgan(c),c Ferguson b Neesham,9,22,34,0,0,40.90,out
Ben Stokes,not out,84,98,147,5,2,85.71,not_out
Jos Buttler,c sub (TG Southee) b Ferguson,59,60,94,6,0,98.33,out
Chris Woakes,c Latham b Ferguson,2,4,8,0,0,50.00,out
Liam Plunkett,c Boult b Neesham,10,10,13,1,0,100.00,out
Jofra Archer,b Neesham,0,1,5,0,0,0.00,out
Adil Rashid,run out (Santner/Boult),0,0,7,0,0,-,out
Mark Wood,run out (Neesham/Boult),0,0,3,0,0,-,out
